,acct_id,bin,number,cent_latitude,cent_longitude,target,calle,resultado_inspeccion
238,395,1000003,10,40.701047,-74.011672,6,1,1
239,416,1000003,10,40.701047,-74.011672,3,1,2
240,422,1000003,10,40.701047,-74.011672,3,1,2
241,424,1000003,10,40.701047,-74.011672,12,1,2
242,425,1000003,10,40.701047,-74.011672,12,1,1
243,426,1000003,10,40.701047,-74.011672,13,1,1
244,427,1000003,10,40.701047,-74.011672,12,1,2
245,428,1000003,10,40.701047,-74.011672,13,1,1
246,429,1000003,10,40.701047,-74.011672,12,1,2
247,430,1000003,10,40.701047,-74.011672,13,1,1
248,431,1000003,10,40.701047,-74.011672,12,1,2
249,432,1000003,10,40.701047,-74.011672,4,1,2
250,433,1000003,10,40.701047,-74.011672,11,1,2
251,434,1000003,10,40.701047,-74.011672,11,1,2
252,435,1000003,10,40.701047,-74.011672,11,1,2
253,436,1000003,10,40.701047,-74.011672,11,1,2
255,438,1000003,10,40.701047,-74.011672,11,1,2
256,439,1000003,10,40.701047,-74.011672,11,1,2
257,440,1000003,10,40.701047,-74.011672,12,1,2
258,441,1000003,10,40.701047,-74.011672,11,1,2
259,442,1000003,10,40.701047,-74.011672,11,1,2
260,443,1000003,10,40.701047,-74.011672,11,1,2
261,444,1000003,10,40.701047,-74.011672,11,1,2
262,445,1000003,10,40.701047,-74.011672,11,1,2
263,446,1000003,10,40.701047,-74.011672,11,1,2
264,447,1000003,10,40.701047,-74.011672,11,1,2
265,448,1000003,10,40.701047,-74.011672,11,1,2
266,449,1000003,10,40.701047,-74.011672,11,1,2
267,450,1000003,10,40.701047,-74.011672,11,1,2
268,451,1000003,10,40.701047,-74.011672,11,1,2
269,452,1000003,10,40.701047,-74.011672,11,1,2
270,453,1000003,10,40.701047,-74.011672,11,1,2
271,454,1000003,10,40.701047,-74.011672,11,1,2
272,455,1000003,10,40.701047,-74.011672,11,1,2
273,456,1000003,10,40.701047,-74.011672,11,1,2
274,457,1000003,10,40.701047,-74.011672,11,1,2
275,458,1000003,10,40.701047,-74.011672,11,1,2
276,459,1000003,10,40.701047,-74.011672,11,1,2
277,460,1000003,10,40.701047,-74.011672,11,1,2
278,461,1000003,10,40.701047,-74.011672,3,1,2
279,462,1000003,10,40.701047,-74.011672,11,1,2
280,463,1000003,10,40.701047,-74.011672,11,1,2
281,464,1000003,10,40.701047,-74.011672,4,1,2
282,465,1000003,10,40.701047,-74.011672,11,1,2
283,466,1000003,10,40.701047,-74.011672,11,1,2
284,467,1000003,10,40.701047,-74.011672,3,1,2
285,470,1000005,1,40.702091,-74.012045,11,2,2
286,481,1000005,1,40.702091,-74.012045,5,2,2
287,484,1000005,1,40.702091,-74.012045,5,2,2
288,510,1000005,1,40.702091,-74.012045,7,2,2
289,516,1000005,1,40.702091,-74.012045,13,2,1
290,518,1000005,1,40.702091,-74.012045,6,2,3
291,528,1000005,1,40.702091,-74.012045,4,2,2
292,530,1000005,1,40.702091,-74.012045,2,2,2
293,531,1000005,1,40.702091,-74.012045,6,2,2
294,537,1000005,1,40.702091,-74.012045,6,2,2
295,541,1000005,1,40.702091,-74.012045,3,2,2
296,542,1000005,13,40.702091,-74.012045,11,1,2
297,543,1000005,1,40.702091,-74.012045,5,2,2
298,544,1000005,1,40.702091,-74.012045,10,2,2
299,546,1000005,1,40.702091,-74.012045,9,2,2
300,550,1000005,1,40.702091,-74.012045,12,2,2
301,583,1000005,1,40.702091,-74.012045,6,2,2
302,592,1000005,1,40.702091,-74.012045,4,2,2
303,593,1000005,1,40.702091,-74.012045,5,2,2
304,598,1000005,1,40.702091,-74.012045,11,2,1
305,601,1000005,1,40.702091,-74.012045,6,2,3
306,602,1000005,1,40.702091,-74.012045,2,2,2
307,606,1000005,1,40.702091,-74.012045,2,2,2
308,625,1000005,1,40.702091,-74.012045,6,2,2
309,630,1000005,1,40.702091,-74.012045,13,2,1
310,631,1000005,1,40.702091,-74.012045,6,2,2
311,632,1000005,1,40.702091,-74.012045,13,2,1
312,633,1000005,1,40.702091,-74.012045,13,2,1
313,634,1000005,1,40.702091,-74.012045,6,2,2
314,635,1000005,1,40.702091,-74.012045,3,2,2
315,636,1000005,1,40.702091,-74.012045,6,2,2
316,637,1000005,1,40.702091,-74.012045,6,2,2
317,638,1000005,1,40.702091,-74.012045,13,2,1
318,639,1000005,1,40.702091,-74.012045,13,2,1
319,640,1000005,1,40.702091,-74.012045,12,2,2
320,641,1000005,1,40.702091,-74.012045,13,2,1
321,642,1000005,1,40.702091,-74.012045,6,2,2
322,643,1000005,1,40.702091,-74.012045,13,2,1
323,644,1000005,1,40.702091,-74.012045,13,2,1
324,645,1000005,1,40.702091,-74.012045,6,2,2
325,646,1000005,1,40.702091,-74.012045,6,2,2
326,647,1000005,1,40.702091,-74.012045,7,2,2
327,648,1000005,1,40.702091,-74.012045,2,2,2
328,649,1000005,1,40.702091,-74.012045,6,2,2
329,650,1000005,1,40.702091,-74.012045,6,2,2
330,651,1000005,1,40.702091,-74.012045,13,2,1
331,652,1000005,1,40.702091,-74.012045,6,2,2
332,653,1000005,1,40.702091,-74.012045,13,2,1
333,654,1000005,1,40.702091,-74.012045,13,2,1
334,655,1000005,1,40.702091,-74.012045,6,2,2
335,656,1000005,1,40.702091,-74.012045,2,2,2
336,657,1000005,1,40.702091,-74.012045,2,2,2
337,658,1000005,1,40.702091,-74.012045,13,2,1
338,659,1000005,1,40.702091,-74.012045,13,3,1
339,660,1000005,1,40.702091,-74.012045,6,2,2
340,661,1000005,1,40.702091,-74.012045,13,2,1
341,662,1000005,1,40.702091,-74.012045,2,2,2
342,663,1000005,1,40.702091,-74.012045,6,2,2
343,664,1000005,1,40.702091,-74.012045,13,2,1
344,665,1000005,1,40.702091,-74.012045,6,2,2
345,666,1000005,1,40.702091,-74.012045,6,2,2
346,667,1000005,1,40.702091,-74.012045,6,2,2
347,668,1000005,1,40.702091,-74.012045,13,2,1
348,669,1000005,1,40.702091,-74.012045,7,2,2
349,670,1000005,1,40.702091,-74.012045,7,2,2
350,671,1000005,1,40.702091,-74.012045,7,2,2
351,672,1000005,1,40.702091,-74.012045,13,2,1
352,673,1000005,1,40.702091,-74.012045,13,2,1
353,674,1000005,1,40.702091,-74.012045,13,2,1
354,675,1000005,1,40.702091,-74.012045,13,2,1
355,676,1000005,1,40.702091,-74.012045,13,2,1
356,677,1000005,1,40.702091,-74.012045,7,2,2
357,678,1000005,1,40.702091,-74.012045,6,2,2
358,679,1000005,1,40.702091,-74.012045,6,2,3
359,680,1000005,1,40.702091,-74.012045,13,2,1
360,681,1000005,1,40.702091,-74.012045,13,2,1
361,682,1000005,1,40.702091,-74.012045,4,2,2
362,683,1000005,1,40.702091,-74.012045,13,2,1
363,684,1000005,1,40.702091,-74.012045,13,2,1
364,685,1000005,1,40.702091,-74.012045,13,2,1
365,686,1000005,1,40.702091,-74.012045,13,2,1
366,687,1000005,1,40.702091,-74.012045,13,2,1
367,688,1000005,1,40.702091,-74.012045,13,2,1
368,689,1000005,1,40.702091,-74.012045,13,2,1
369,690,1000005,1,40.702091,-74.012045,13,2,1
370,691,1000005,1,40.702091,-74.012045,13,2,1
371,692,1000005,1,40.702091,-74.012045,2,2,3
372,693,1000005,1,40.702091,-74.012045,7,2,2
373,694,1000005,1,40.702091,-74.012045,7,2,2
374,695,1000005,1,40.702091,-74.012045,7,2,2
375,696,1000005,1,40.702091,-74.012045,13,2,1
376,697,1000005,1,40.702091,-74.012045,13,2,1
377,698,1000005,1,40.702091,-74.012045,2,2,3
378,699,1000005,1,40.702091,-74.012045,13,3,1
379,700,1000005,1,40.702091,-74.012045,13,2,1
380,701,1000005,1,40.702091,-74.012045,6,2,2
381,702,1000005,1,40.702091,-74.012045,6,2,2
382,703,1000005,1,40.702091,-74.012045,6,2,2
383,704,1000005,1,40.702091,-74.012045,13,4,1
384,705,1000005,1,40.702091,-74.012045,13,2,1
385,706,1000005,1,40.702091,-74.012045,13,2,1
386,707,1000005,1,40.702091,-74.012045,13,2,1
387,708,1000005,1,40.702091,-74.012045,11,2,2
388,709,1000005,1,40.702091,-74.012045,6,2,2
389,710,1000005,1,40.702091,-74.012045,2,2,3
390,711,1000005,1,40.702091,-74.012045,3,2,2
391,712,1000005,1,40.702091,-74.012045,6,2,2
392,713,1000005,1,40.702091,-74.012045,13,2,1
393,714,1000005,1,40.702091,-74.012045,13,2,1
394,715,1000005,1,40.702091,-74.012045,11,2,2
395,716,1000005,1,40.702091,-74.012045,6,2,2
396,717,1000005,1,40.702091,-74.012045,13,2,1
397,718,1000005,1,40.702091,-74.012045,6,2,2
398,719,1000005,1,40.702091,-74.012045,6,2,2
399,720,1000005,1,40.702091,-74.012045,6,2,2
400,721,1000005,1,40.702091,-74.012045,6,2,2
401,722,1000005,1,40.702091,-74.012045,7,2,2
402,723,1000005,1,40.702091,-74.012045,3,2,2
403,724,1000005,1,40.702091,-74.012045,11,2,2
404,725,1000005,1,40.702091,-74.012045,6,2,2
405,726,1000005,1,40.702091,-74.012045,6,2,2
406,727,1000005,1,40.702091,-74.012045,6,2,2
407,728,1000005,1,40.702091,-74.012045,6,2,2
408,729,1000005,1,40.702091,-74.012045,6,2,2
409,730,1000005,1,40.702091,-74.012045,13,2,1
410,731,1000005,1,40.702091,-74.012045,13,2,1
411,732,1000005,1,40.702091,-74.012045,13,4,1
412,733,1000005,1,40.702091,-74.012045,6,2,2
413,734,1000005,1,40.702091,-74.012045,11,2,2
414,735,1000005,1,40.702091,-74.012045,11,2,2
415,736,1000005,1,40.702091,-74.012045,11,2,2
416,737,1000005,1,40.702091,-74.012045,6,2,2
417,738,1000005,1,40.702091,-74.012045,13,2,1
418,739,1000005,1,40.702091,-74.012045,6,2,2
419,740,1000005,1,40.702091,-74.012045,6,2,2
420,741,1000005,1,40.702091,-74.012045,6,2,2
421,742,1000005,1,40.702091,-74.012045,6,3,2
422,743,1000005,1,40.702091,-74.012045,13,2,1
423,744,1000005,1,40.702091,-74.012045,11,2,2
424,745,1000005,1,40.702091,-74.012045,13,2,1
425,746,1000005,1,40.702091,-74.012045,11,2,2
426,747,1000005,1,40.702091,-74.012045,13,2,1
427,748,1000005,1,40.702091,-74.012045,11,2,2
428,749,1000005,1,40.702091,-74.012045,13,2,1
429,750,1000005,1,40.702091,-74.012045,13,2,1
430,751,1000005,136,40.702091,-74.012045,3,5,2
431,752,1000005,1,40.702091,-74.012045,12,2,2
432,753,1000005,1,40.702091,-74.012045,3,2,2
433,754,1000005,1,40.702091,-74.012045,6,2,2
434,755,1000005,1,40.702091,-74.012045,6,2,2
435,756,1000005,1,40.702091,-74.012045,6,2,2
436,757,1000005,1,40.702091,-74.012045,13,2,1
437,758,1000005,1,40.702091,-74.012045,13,2,1
438,759,1000005,1,40.702091,-74.012045,13,2,1
439,760,1000005,1,40.702091,-74.012045,13,2,1
440,761,1000005,1,40.702091,-74.012045,13,2,1
441,762,1000005,1,40.702091,-74.012045,13,2,1
442,763,1000005,1,40.702091,-74.012045,13,2,1
443,764,1000005,1,40.702091,-74.012045,13,2,1
444,765,1000005,1,40.702091,-74.012045,13,2,1
445,766,1000005,1,40.702091,-74.012045,13,2,1
446,767,1000005,1,40.702091,-74.012045,6,2,2
447,768,1000005,1,40.702091,-74.012045,6,2,3
448,769,1000005,1,40.702091,-74.012045,13,2,1
449,770,1000005,1,40.702091,-74.012045,13,2,1
450,771,1000005,1,40.702091,-74.012045,13,2,1
451,772,1000005,1,40.702091,-74.012045,13,2,1
452,773,1000005,1,40.702091,-74.012045,13,2,1
453,774,1000005,1,40.702091,-74.012045,4,2,2
454,775,1000005,1,40.702091,-74.012045,13,2,1
455,776,1000005,1,40.702091,-74.012045,6,2,3
456,777,1000005,1,40.702091,-74.012045,4,2,2
457,778,1000005,1,40.702091,-74.012045,3,2,2
458,779,1000005,1,40.702091,-74.012045,11,2,3
459,780,1000005,1,40.702091,-74.012045,5,4,2
460,782,1000005,1,40.702091,-74.012045,12,2,2
461,783,1000005,1,40.702091,-74.012045,7,2,2
462,784,1000005,1,40.702091,-74.012045,7,2,2
463,785,1000005,1,40.702091,-74.012045,4,2,2
464,786,1000005,1,40.702091,-74.012045,4,2,2
465,787,1000006,125,40.702339,-74.010517,5,5,2
466,788,1000006,125,40.702339,-74.010517,5,5,2
467,794,1000006,125,40.702339,-74.010517,12,5,2
468,807,1000006,125,40.702339,-74.010517,13,5,1
469,816,1000006,125,40.702339,-74.010517,9,5,2
470,858,1000006,125,40.702339,-74.010517,6,5,2
471,859,1000006,125,40.702339,-74.010517,6,5,2
472,860,1000006,125,40.702339,-74.010517,13,5,1
473,861,1000006,125,40.702339,-74.010517,13,5,1
474,862,1000006,125,40.702339,-74.010517,6,5,2
475,863,1000006,125,40.702339,-74.010517,13,5,1
476,864,1000006,125,40.702339,-74.010517,13,5,1
477,865,1000006,125,40.702339,-74.010517,13,5,1
478,866,1000006,125,40.702339,-74.010517,6,5,2
479,867,1000006,125,40.702339,-74.010517,6,5,2
480,868,1000006,125,40.702339,-74.010517,13,5,1
481,869,1000006,125,40.702339,-74.010517,13,5,1
482,870,1000006,125,40.702339,-74.010517,6,5,2
483,871,1000006,125,40.702339,-74.010517,2,5,3
484,872,1000006,125,40.702339,-74.010517,11,5,2
485,873,1000006,125,40.702339,-74.010517,6,5,2
486,874,1000006,125,40.702339,-74.010517,6,5,2
487,875,1000006,125,40.702339,-74.010517,13,5,1
488,876,1000006,125,40.702339,-74.010517,13,5,1
489,877,1000006,125,40.702339,-74.010517,6,5,2
490,878,1000006,125,40.702339,-74.010517,6,5,2
491,879,1000006,125,40.702339,-74.010517,6,5,2
492,880,1000006,125,40.702339,-74.010517,13,5,1
493,881,1000006,125,40.702339,-74.010517,13,5,1
494,882,1000006,125,40.702339,-74.010517,11,5,2
495,883,1000006,125,40.702339,-74.010517,13,5,1
496,884,1000006,125,40.702339,-74.010517,11,5,2
497,885,1000006,125,40.702339,-74.010517,11,5,2
498,886,1000006,125,40.702339,-74.010517,13,5,1
499,887,1000006,125,40.702339,-74.010517,11,5,2
500,888,1000006,125,40.702339,-74.010517,6,5,2
501,889,1000006,125,40.702339,-74.010517,11,5,2
502,890,1000006,125,40.702339,-74.010517,2,5,3
503,891,1000006,125,40.702339,-74.010517,6,5,2
504,892,1000006,125,40.702339,-74.010517,13,5,1
505,893,1000006,125,40.702339,-74.010517,11,5,2
506,894,1000006,125,40.702339,-74.010517,11,5,2
507,895,1000006,125,40.702339,-74.010517,13,5,1
508,896,1000006,125,40.702339,-74.010517,13,5,1
509,897,1000006,125,40.702339,-74.010517,6,5,2
510,898,1000006,125,40.702339,-74.010517,13,5,1
511,899,1000006,125,40.702339,-74.010517,7,5,1
512,900,1000006,125,40.702339,-74.010517,7,5,1
513,901,1000006,125,40.702339,-74.010517,11,5,2
514,902,1000006,125,40.702339,-74.010517,3,5,2
515,903,1000006,125,40.702339,-74.010517,4,5,2
516,904,1000006,125,40.702339,-74.010517,11,5,2
517,905,1000006,125,40.702339,-74.010517,5,5,2
518,907,1000006,125,40.702339,-74.010517,5,5,2
519,908,1000006,125,40.702339,-74.010517,5,5,2
520,909,1000007,4,40.702717,-74.010716,7,2,1
521,910,1000007,4,40.702717,-74.010716,5,2,2
522,911,1000007,4,40.702717,-74.010716,12,2,2
523,931,1000007,4,40.702717,-74.010716,13,2,1
524,936,1000007,4,40.702717,-74.010716,13,2,1
525,948,1000007,4,40.702717,-74.010716,10,2,2
526,991,1000007,4,40.702717,-74.010716,4,2,2
527,996,1000007,4,40.702717,-74.010716,9,2,2
528,1007,1000007,4,40.702717,-74.010716,13,2,1
529,1008,1000007,4,40.702717,-74.010716,13,2,1
530,1010,1000007,4,40.702717,-74.010716,6,2,2
531,1011,1000007,4,40.702717,-74.010716,13,2,1
532,1012,1000007,4,40.702717,-74.010716,13,2,1
533,1013,1000007,4,40.702717,-74.010716,13,2,1
534,1014,1000007,4,40.702717,-74.010716,13,2,1
535,1015,1000007,4,40.702717,-74.010716,6,2,2
536,1016,1000007,4,40.702717,-74.010716,13,2,1
537,1017,1000007,4,40.702717,-74.010716,13,2,1
538,1018,1000007,4,40.702717,-74.010716,13,2,1
539,1019,1000007,4,40.702717,-74.010716,13,2,1
540,1020,1000007,4,40.702717,-74.010716,6,2,2
541,1021,1000007,4,40.702717,-74.010716,6,2,2
542,1022,1000007,4,40.702717,-74.010716,13,2,1
543,1023,1000007,4,40.702717,-74.010716,13,2,1
544,1024,1000007,4,40.702717,-74.010716,6,2,2
545,1025,1000007,4,40.702717,-74.010716,13,2,1
546,1026,1000007,4,40.702717,-74.010716,6,2,2
547,1027,1000007,4,40.702717,-74.010716,6,2,2
548,1028,1000007,4,40.702717,-74.010716,11,2,2
549,1029,1000007,4,40.702717,-74.010716,11,2,2
550,1030,1000007,4,40.702717,-74.010716,13,2,1
551,1031,1000007,4,40.702717,-74.010716,6,2,2
552,1032,1000007,4,40.702717,-74.010716,2,2,2
553,1033,1000007,4,40.702717,-74.010716,13,2,1
554,1034,1000007,4,40.702717,-74.010716,6,2,2
555,1035,1000007,4,40.702717,-74.010716,13,2,1
556,1036,1000007,4,40.702717,-74.010716,13,2,1
557,1037,1000007,4,40.702717,-74.010716,6,2,2
558,1038,1000007,4,40.702717,-74.010716,13,2,1
559,1039,1000007,4,40.702717,-74.010716,6,2,2
560,1040,1000007,4,40.702717,-74.010716,13,2,1
561,1041,1000007,4,40.702717,-74.010716,13,2,1
562,1042,1000007,4,40.702717,-74.010716,13,2,1
563,1043,1000007,4,40.702717,-74.010716,13,2,1
564,1044,1000007,4,40.702717,-74.010716,13,2,1
565,1045,1000007,4,40.702717,-74.010716,6,2,3
566,1046,1000007,4,40.702717,-74.010716,6,2,2
567,1047,1000007,4,40.702717,-74.010716,6,2,2
568,1048,1000007,4,40.702717,-74.010716,6,2,2
569,1049,1000007,4,40.702717,-74.010716,13,2,1
570,1050,1000007,4,40.702717,-74.010716,13,2,1
571,1051,1000007,4,40.702717,-74.010716,6,2,2
572,1052,1000007,4,40.702717,-74.010716,6,2,2
573,1053,1000007,4,40.702717,-74.010716,13,2,1
574,1054,1000007,4,40.702717,-74.010716,6,2,2
575,1055,1000007,4,40.702717,-74.010716,6,2,2
576,1056,1000007,4,40.702717,-74.010716,13,2,1
577,1057,1000007,4,40.702717,-74.010716,13,2,1
578,1058,1000007,4,40.702717,-74.010716,13,2,1
579,1059,1000007,4,40.702717,-74.010716,7,2,2
580,1060,1000007,4,40.702717,-74.010716,3,2,2
581,1061,1000007,4,40.702717,-74.010716,11,2,2
582,1062,1000007,4,40.702717,-74.010716,11,2,2
583,1063,1000007,4,40.702717,-74.010716,4,2,2
584,1064,1000008,30,40.703295,-74.011023,7,3,4
585,1068,1000008,30,40.703295,-74.011023,11,3,2
586,1069,1000008,30,40.703295,-74.011023,5,3,2
587,1070,1000008,30,40.703295,-74.011023,12,3,1
588,1071,1000012,105,40.703185,-74.011344,12,5,2
589,1074,1000012,105,40.703185,-74.011344,5,5,2
590,1076,1000014,60,40.70344,-74.011084,7,6,1
591,1078,1000014,60,40.70344,-74.011084,7,6,2
592,1079,1000014,60,40.70344,-74.011084,5,6,2
593,1081,1000014,60,40.70344,-74.011084,7,6,2
594,1082,1000014,60,40.70344,-74.011084,12,6,2
595,1083,1000014,60,40.70344,-74.011084,8,6,1
596,1084,1000016,104,40.703147,-74.011936,7,5,1
597,1091,1000016,104,40.703147,-74.011936,13,5,1
598,1094,1000016,104,40.703147,-74.011936,9,5,2
599,1098,1000016,104,40.703147,-74.011936,6,5,2
600,1105,1000016,104,40.703147,-74.011936,13,5,1
601,1106,1000016,104,40.703147,-74.011936,13,5,1
602,1107,1000016,104,40.703147,-74.011936,13,5,1
603,1108,1000016,104,40.703147,-74.011936,4,5,2
604,1109,1000016,104,40.703147,-74.011936,13,5,1
605,1110,1000016,104,40.703147,-74.011936,13,5,1
606,1111,1000016,104,40.703147,-74.011936,13,5,1
607,1112,1000016,104,40.703147,-74.011936,13,5,1
608,1113,1000016,104,40.703147,-74.011936,13,5,1
609,1114,1000016,104,40.703147,-74.011936,13,5,1
610,1115,1000016,104,40.703147,-74.011936,3,5,2
611,1116,1000016,104,40.703147,-74.011936,13,5,1
612,1117,1000016,104,40.703147,-74.011936,13,5,1
613,1118,1000016,104,40.703147,-74.011936,13,5,1
614,1119,1000016,104,40.703147,-74.011936,3,5,2
615,1120,1000016,104,40.703147,-74.011936,6,5,2
616,1121,1000016,104,40.703147,-74.011936,6,5,2
617,1122,1000016,104,40.703147,-74.011936,6,5,3
618,1123,1000016,104,40.703147,-74.011936,6,5,2
619,1124,1000016,104,40.703147,-74.011936,6,5,2
620,1125,1000016,104,40.703147,-74.011936,12,5,2
621,1126,1000016,104,40.703147,-74.011936,2,5,1
622,1127,1000016,104,40.703147,-74.011936,13,5,1
623,1128,1000016,104,40.703147,-74.011936,13,5,1
624,1129,1000016,104,40.703147,-74.011936,2,5,2
625,1130,1000016,104,40.703147,-74.011936,13,5,1
626,1131,1000016,104,40.703147,-74.011936,2,5,3
627,1132,1000016,104,40.703147,-74.011936,13,5,1
628,1133,1000016,104,40.703147,-74.011936,13,5,1
629,1134,1000016,104,40.703147,-74.011936,13,5,1
630,1135,1000016,104,40.703147,-74.011936,6,5,2
631,1136,1000016,104,40.703147,-74.011936,6,5,2
632,1137,1000016,104,40.703147,-74.011936,13,5,1
633,1138,1000016,104,40.703147,-74.011936,6,5,2
634,1139,1000016,104,40.703147,-74.011936,6,5,2
635,1140,1000016,104,40.703147,-74.011936,13,5,1
636,1141,1000016,104,40.703147,-74.011936,13,5,1
637,1142,1000016,104,40.703147,-74.011936,5,5,2
638,1143,1000016,104,40.703147,-74.011936,11,5,5
661,1179,1000018,1,40.702765,-74.013349,5,7,2
662,1180,1000018,1,40.702765,-74.013349,5,7,2
663,1181,1000018,1,40.702765,-74.013349,5,7,2
664,1182,1000018,1,40.702765,-74.013349,5,7,2
665,1183,1000018,1,40.702765,-74.013349,5,7,2
666,1184,1000018,1,40.702765,-74.013349,5,7,2
667,1214,1000018,1,40.702765,-74.013349,5,7,2
668,1224,1000018,1,40.702765,-74.013349,2,7,2
669,1225,1000018,1,40.702765,-74.013349,13,7,1
670,1226,1000018,1,40.702765,-74.013349,6,7,2
671,1227,1000018,1,40.702765,-74.013349,13,7,1
672,1228,1000018,1,40.702765,-74.013349,13,7,1
673,1229,1000018,1,40.702765,-74.013349,13,7,1
674,1230,1000018,1,40.702765,-74.013349,6,7,2
675,1231,1000018,1,40.702765,-74.013349,6,7,2
676,1232,1000018,1,40.702765,-74.013349,11,7,2
677,1233,1000018,1,40.702765,-74.013349,13,7,1
678,1234,1000018,1,40.702765,-74.013349,6,7,2
679,1235,1000018,1,40.702765,-74.013349,13,7,1
680,1236,1000018,1,40.702765,-74.013349,13,7,1
681,1237,1000018,1,40.702765,-74.013349,6,7,2
682,1238,1000018,1,40.702765,-74.013349,2,7,3
683,1239,1000018,1,40.702765,-74.013349,13,7,1
684,1240,1000018,1,40.702765,-74.013349,5,7,2
685,1241,1000018,1,40.702765,-74.013349,13,7,1
686,1242,1000018,1,40.702765,-74.013349,13,7,1
687,1243,1000018,1,40.702765,-74.013349,3,7,2
688,1244,1000018,1,40.702765,-74.013349,6,7,2
689,1245,1000018,1,40.702765,-74.013349,13,7,1
690,1246,1000018,1,40.702765,-74.013349,13,7,1
691,1247,1000018,1,40.702765,-74.013349,13,7,1
692,1248,1000018,1,40.702765,-74.013349,13,7,1
693,1249,1000018,1,40.702765,-74.013349,2,7,3
694,1250,1000018,1,40.702765,-74.013349,2,7,3
695,1251,1000018,1,40.702765,-74.013349,13,7,1
696,1252,1000018,1,40.702765,-74.013349,13,7,1
697,1253,1000018,1,40.702765,-74.013349,6,7,2
698,1254,1000018,1,40.702765,-74.013349,6,7,2
699,1255,1000018,1,40.702765,-74.013349,13,7,1
700,1256,1000018,1,40.702765,-74.013349,13,7,1
701,1257,1000018,1,40.702765,-74.013349,6,8,2
702,1258,1000018,1,40.702765,-74.013349,5,7,2
703,1259,1000018,1,40.702765,-74.013349,5,7,2
704,1260,1000018,1,40.702765,-74.013349,5,7,2
705,1261,1000018,1,40.702765,-74.013349,13,7,1
706,1262,1000018,1,40.702765,-74.013349,5,7,2
707,1263,1000018,1,40.702765,-74.013349,13,7,1
708,1264,1000018,1,40.702765,-74.013349,13,7,1
709,1265,1000018,1,40.702765,-74.013349,6,7,3
710,1266,1000018,1,40.702765,-74.013349,13,7,1
711,1267,1000018,1,40.702765,-74.013349,13,7,1
712,1268,1000018,1,40.702765,-74.013349,6,7,2
713,1269,1000018,1,40.702765,-74.013349,13,7,1
714,1270,1000018,1,40.702765,-74.013349,13,7,1
715,1271,1000018,1,40.702765,-74.013349,7,7,2
716,1272,1000018,1,40.702765,-74.013349,12,7,2
717,1273,1000018,1,40.702765,-74.013349,13,7,1
718,1274,1000018,1,40.702765,-74.013349,2,7,3
719,1275,1000018,1,40.702765,-74.013349,4,8,2
720,1276,1000018,1,40.702765,-74.013349,3,8,2
721,1278,1000018,1,40.702765,-74.013349,11,8,3
722,1279,1000018,1,40.702765,-74.013349,5,7,2
723,1280,1000018,1,40.702765,-74.013349,5,7,1
724,1281,1000018,1,40.702765,-74.013349,5,7,2
725,1283,1000020,15,40.702893,-74.013979,7,7,1
726,1287,1000020,17,40.702893,-74.013979,6,7,1
727,1293,1000020,17,40.702893,-74.013979,13,7,1
728,1307,1000020,17,40.702893,-74.013979,6,7,2
729,1308,1000020,17,40.702893,-74.013979,6,7,1
730,1326,1000020,17,40.702893,-74.013979,9,7,2
731,1347,1000020,17,40.702893,-74.013979,6,7,2
732,1352,1000020,17,40.702893,-74.013979,6,7,2
733,1354,1000020,17,40.702893,-74.013979,2,7,2
734,1362,1000020,17,40.702893,-74.013979,13,7,1
735,1363,1000020,17,40.702893,-74.013979,6,7,2
736,1364,1000020,17,40.702893,-74.013979,6,7,2
737,1365,1000020,17,40.702893,-74.013979,13,7,1
738,1366,1000020,17,40.702893,-74.013979,13,7,1
739,1367,1000020,17,40.702893,-74.013979,6,7,2
740,1368,1000020,17,40.702893,-74.013979,6,7,2
741,1369,1000020,17,40.702893,-74.013979,6,7,2
742,1370,1000020,17,40.702893,-74.013979,6,7,2
743,1371,1000020,17,40.702893,-74.013979,13,7,1
744,1372,1000020,17,40.702893,-74.013979,6,7,2
745,1373,1000020,17,40.702893,-74.013979,13,7,1
746,1374,1000020,17,40.702893,-74.013979,13,7,1
747,1375,1000020,17,40.702893,-74.013979,13,7,1
748,1376,1000020,17,40.702893,-74.013979,6,7,2
749,1377,1000020,17,40.702893,-74.013979,6,7,2
750,1378,1000020,17,40.702893,-74.013979,13,7,1
751,1379,1000020,17,40.702893,-74.013979,13,7,1
752,1380,1000020,17,40.702893,-74.013979,13,7,1
753,1381,1000020,17,40.702893,-74.013979,13,7,1
754,1382,1000020,17,40.702893,-74.013979,13,7,1
755,1383,1000020,17,40.702893,-74.013979,12,7,2
756,1384,1000020,17,40.702893,-74.013979,6,7,2
757,1385,1000020,17,40.702893,-74.013979,13,7,1
758,1386,1000020,17,40.702893,-74.013979,13,7,1
759,1387,1000020,17,40.702893,-74.013979,6,7,2
760,1388,1000020,17,40.702893,-74.013979,6,7,2
761,1389,1000020,17,40.702893,-74.013979,6,7,2
762,1390,1000020,17,40.702893,-74.013979,13,7,1
763,1391,1000020,17,40.702893,-74.013979,13,7,1
764,1392,1000020,17,40.702893,-74.013979,13,7,1
765,1393,1000020,17,40.702893,-74.013979,6,7,2
766,1394,1000020,17,40.702893,-74.013979,6,7,2
767,1395,1000020,17,40.702893,-74.013979,13,7,1
768,1396,1000020,17,40.702893,-74.013979,13,7,1
769,1397,1000020,17,40.702893,-74.013979,13,7,1
770,1398,1000020,17,40.702893,-74.013979,13,7,1
771,1399,1000020,17,40.702893,-74.013979,6,7,2
772,1400,1000020,17,40.702893,-74.013979,13,7,1
773,1401,1000020,17,40.702893,-74.013979,6,7,2
774,1402,1000020,17,40.702893,-74.013979,6,7,2
775,1403,1000020,17,40.702893,-74.013979,6,7,2
776,1404,1000020,17,40.702893,-74.013979,6,7,2
777,1405,1000020,17,40.702893,-74.013979,6,7,2
778,1406,1000020,17,40.702893,-74.013979,6,7,3
779,1407,1000020,17,40.702893,-74.013979,13,7,1
780,1408,1000020,17,40.702893,-74.013979,13,7,1
781,1409,1000020,17,40.702893,-74.013979,13,7,1
782,1410,1000020,17,40.702893,-74.013979,13,7,1
783,1411,1000020,17,40.702893,-74.013979,13,7,1
784,1412,1000020,17,40.702893,-74.013979,13,7,1
785,1413,1000020,17,40.702893,-74.013979,2,7,3
786,1414,1000020,17,40.702893,-74.013979,13,7,1
787,1415,1000020,17,40.702893,-74.013979,13,7,1
788,1416,1000020,17,40.702893,-74.013979,13,7,1
789,1417,1000020,17,40.702893,-74.013979,13,7,1
790,1418,1000020,17,40.702893,-74.013979,13,7,1
791,1419,1000020,17,40.702893,-74.013979,13,7,1
792,1420,1000020,17,40.702893,-74.013979,6,7,3
793,1421,1000020,17,40.702893,-74.013979,13,7,1
794,1422,1000020,17,40.702893,-74.013979,13,7,1
795,1423,1000020,17,40.702893,-74.013979,13,7,1
796,1424,1000020,17,40.702893,-74.013979,13,7,1
797,1425,1000020,17,40.702893,-74.013979,6,7,3
798,1426,1000020,17,40.702893,-74.013979,13,7,1
799,1427,1000020,17,40.702893,-74.013979,13,7,1
800,1428,1000020,17,40.702893,-74.013979,13,7,1
801,1429,1000020,17,40.702893,-74.013979,13,7,1
802,1430,1000020,17,40.702893,-74.013979,13,7,1
803,1431,1000020,17,40.702893,-74.013979,6,7,3
804,1432,1000020,17,40.702893,-74.013979,6,7,3
805,1433,1000020,17,40.702893,-74.013979,3,7,2
806,1434,1000020,17,40.702893,-74.013979,11,7,5
807,1436,1000020,17,40.702893,-74.013979,5,7,2
808,1437,1000020,17,40.702893,-74.013979,4,7,6
809,1438,1000020,17,40.702893,-74.013979,5,7,2
810,1439,1000020,17,40.702893,-74.013979,5,7,2
811,1440,1000020,17,40.702893,-74.013979,5,7,2
812,1441,1000020,17,40.702893,-74.013979,5,7,2
813,1442,1000021,24,40.703372,-74.013771,5,7,2
814,1443,1000021,24,40.703372,-74.013771,5,7,1
815,1456,1000021,24,40.703372,-74.013771,5,7,2
816,1471,1000021,24,40.703372,-74.013771,11,7,2
817,1472,1000021,24,40.703372,-74.013771,5,7,2
818,1473,1000021,1,40.703372,-74.013771,13,9,1
819,1475,1000021,24,40.703372,-74.013771,5,7,2
820,1478,1000021,24,40.703372,-74.013771,9,7,2
821,1488,1000021,24,40.703372,-74.013771,11,7,2
822,1497,1000021,24,40.703372,-74.013771,6,7,2
823,1504,1000021,24,40.703372,-74.013771,6,7,2
824,1506,1000021,22,40.703372,-74.013771,11,10,2
825,1510,1000021,24,40.703372,-74.013771,6,7,2
826,1512,1000021,24,40.703372,-74.013771,6,7,2
827,1513,1000021,24,40.703372,-74.013771,6,7,2
828,1514,1000021,24,40.703372,-74.013771,13,7,1
829,1515,1000021,24,40.703372,-74.013771,6,7,2
830,1516,1000021,24,40.703372,-74.013771,2,7,2
831,1517,1000021,24,40.703372,-74.013771,6,7,2
832,1518,1000021,24,40.703372,-74.013771,13,7,1
833,1519,1000021,24,40.703372,-74.013771,13,7,1
834,1520,1000021,24,40.703372,-74.013771,13,7,1
835,1521,1000021,24,40.703372,-74.013771,13,7,1
836,1522,1000021,24,40.703372,-74.013771,13,7,1
837,1523,1000021,24,40.703372,-74.013771,6,7,2
838,1524,1000021,24,40.703372,-74.013771,13,7,1
839,1525,1000021,1,40.703372,-74.013771,13,9,1
840,1526,1000021,24,40.703372,-74.013771,13,7,1
841,1527,1000021,24,40.703372,-74.013771,6,7,2
842,1528,1000021,24,40.703372,-74.013771,6,7,2
843,1529,1000021,24,40.703372,-74.013771,3,7,2
844,1530,1000021,24,40.703372,-74.013771,6,7,2
845,1531,1000021,24,40.703372,-74.013771,13,7,1
846,1532,1000021,24,40.703372,-74.013771,6,7,2
847,1533,1000021,24,40.703372,-74.013771,13,7,1
848,1534,1000021,24,40.703372,-74.013771,6,7,2
849,1535,1000021,24,40.703372,-74.013771,13,7,1
850,1536,1000021,1,40.703372,-74.013771,11,9,2
851,1537,1000021,24,40.703372,-74.013771,5,7,2
852,1538,1000021,24,40.703372,-74.013771,13,7,1
853,1539,1000021,24,40.703372,-74.013771,13,7,1
854,1540,1000021,24,40.703372,-74.013771,6,7,2
855,1541,1000021,24,40.703372,-74.013771,6,7,2
856,1542,1000021,24,40.703372,-74.013771,11,7,2
857,1543,1000021,24,40.703372,-74.013771,13,7,1
858,1544,1000021,24,40.703372,-74.013771,13,7,1
859,1545,1000021,1,40.703372,-74.013771,6,9,2
860,1546,1000021,24,40.703372,-74.013771,6,7,2
861,1547,1000021,24,40.703372,-74.013771,7,7,2
862,1548,1000021,24,40.703372,-74.013771,7,7,2
863,1549,1000021,24,40.703372,-74.013771,2,7,2
864,1550,1000021,24,40.703372,-74.013771,13,7,1
865,1551,1000021,24,40.703372,-74.013771,6,7,2
866,1552,1000021,24,40.703372,-74.013771,12,7,1
867,1553,1000021,24,40.703372,-74.013771,6,7,2
868,1554,1000021,24,40.703372,-74.013771,6,7,2
869,1555,1000021,24,40.703372,-74.013771,13,7,1
870,1556,1000021,24,40.703372,-74.013771,6,7,2
871,1557,1000021,24,40.703372,-74.013771,13,7,1
872,1558,1000021,24,40.703372,-74.013771,13,7,1
873,1559,1000021,24,40.703372,-74.013771,6,7,2
874,1560,1000021,24,40.703372,-74.013771,13,7,1
875,1561,1000021,24,40.703372,-74.013771,6,7,2
876,1562,1000021,24,40.703372,-74.013771,13,7,1
877,1563,1000021,1,40.703372,-74.013771,13,9,1
878,1564,1000021,24,40.703372,-74.013771,6,7,2
879,1565,1000021,24,40.703372,-74.013771,13,7,1
880,1566,1000021,24,40.703372,-74.013771,13,7,1
881,1567,1000021,24,40.703372,-74.013771,6,7,2
882,1568,1000021,24,40.703372,-74.013771,13,7,1
883,1569,1000021,24,40.703372,-74.013771,13,7,1
884,1570,1000021,24,40.703372,-74.013771,6,7,1
885,1571,1000021,24,40.703372,-74.013771,13,7,1
886,1572,1000021,24,40.703372,-74.013771,13,7,1
887,1573,1000021,1,40.703372,-74.013771,11,9,2
888,1574,1000021,24,40.703372,-74.013771,13,7,1
889,1575,1000021,24,40.703372,-74.013771,6,7,2
890,1576,1000021,24,40.703372,-74.013771,6,7,2
891,1577,1000021,24,40.703372,-74.013771,6,7,2
892,1578,1000021,24,40.703372,-74.013771,6,7,2
893,1579,1000021,24,40.703372,-74.013771,6,7,2
894,1580,1000021,24,40.703372,-74.013771,6,7,2
895,1581,1000021,24,40.703372,-74.013771,13,7,1
896,1582,1000021,1,40.703372,-74.013771,12,9,2
897,1583,1000021,24,40.703372,-74.013771,13,7,1
898,1584,1000021,1,40.703372,-74.013771,11,9,2
899,1585,1000021,1,40.703372,-74.013771,11,9,2
900,1586,1000021,24,40.703372,-74.013771,6,7,2
901,1587,1000021,24,40.703372,-74.013771,5,7,2
902,1588,1000021,24,40.703372,-74.013771,4,7,6
903,1589,1000021,24,40.703372,-74.013771,3,7,2
904,1591,1000021,1,40.703372,-74.013771,7,9,1
905,1592,1000021,1,40.703372,-74.013771,11,9,2
906,1593,1000021,24,40.703372,-74.013771,5,7,2
907,1594,1000021,24,40.703372,-74.013771,5,7,2
908,1595,1000021,24,40.703372,-74.013771,5,7,2
909,1596,1000021,24,40.703372,-74.013771,5,7,2
910,1597,1000021,24,40.703372,-74.013771,5,7,2
911,1599,1000022,100,40.703438,-74.012111,13,5,1
912,1600,1000022,100,40.703438,-74.012111,13,5,1
913,1601,1000022,100,40.703438,-74.012111,13,5,1
914,1602,1000022,100,40.703438,-74.012111,7,5,2
915,1603,1000022,100,40.703438,-74.012111,7,5,2
916,1604,1000022,100,40.703438,-74.012111,13,5,1
917,1605,1000022,100,40.703438,-74.012111,13,5,1
918,1606,1000022,100,40.703438,-74.012111,2,5,1
919,1607,1000022,100,40.703438,-74.012111,6,5,3
920,1608,1000022,100,40.703438,-74.012111,13,5,1
921,1609,1000022,100,40.703438,-74.012111,13,5,1
922,1610,1000022,100,40.703438,-74.012111,12,5,1
923,1611,1000022,100,40.703438,-74.012111,13,5,1
924,1612,1000022,100,40.703438,-74.012111,13,5,1
925,1613,1000022,100,40.703438,-74.012111,7,5,2
926,1614,1000022,100,40.703438,-74.012111,7,5,4
927,1615,1000023,33,40.70338,-74.01264,4,10,2
928,1633,1000023,33,40.70338,-74.01264,13,10,1
929,1634,1000023,33,40.70338,-74.01264,5,10,2
930,1637,1000023,33,40.70338,-74.01264,10,10,2
931,1642,1000023,33,40.70338,-74.01264,5,10,2
932,1649,1000023,33,40.70338,-74.01264,13,10,1
933,1650,1000023,33,40.70338,-74.01264,13,10,1
934,1651,1000023,33,40.70338,-74.01264,6,10,2
935,1652,1000023,33,40.70338,-74.01264,6,10,2
936,1653,1000023,33,40.70338,-74.01264,6,10,2
937,1654,1000023,33,40.70338,-74.01264,13,10,1
938,1655,1000023,33,40.70338,-74.01264,13,10,1
939,1656,1000023,33,40.70338,-74.01264,13,10,1
940,1657,1000023,33,40.70338,-74.01264,13,10,1
941,1658,1000023,33,40.70338,-74.01264,13,10,1
942,1659,1000023,33,40.70338,-74.01264,3,10,2
943,1660,1000023,33,40.70338,-74.01264,13,10,1
944,1661,1000023,33,40.70338,-74.01264,6,10,2
945,1662,1000023,33,40.70338,-74.01264,6,10,2
946,1663,1000023,33,40.70338,-74.01264,6,10,2
947,1664,1000023,33,40.70338,-74.01264,3,10,2
948,1665,1000023,33,40.70338,-74.01264,13,10,1
949,1666,1000023,33,40.70338,-74.01264,13,10,1
950,1667,1000023,33,40.70338,-74.01264,6,10,2
951,1668,1000023,33,40.70338,-74.01264,13,10,1
952,1669,1000023,33,40.70338,-74.01264,13,10,1
953,1670,1000023,33,40.70338,-74.01264,6,10,2
954,1671,1000023,33,40.70338,-74.01264,13,10,1
955,1672,1000023,33,40.70338,-74.01264,13,10,1
956,1673,1000023,33,40.70338,-74.01264,2,10,3
957,1674,1000023,33,40.70338,-74.01264,13,10,1
958,1675,1000023,33,40.70338,-74.01264,13,10,1
959,1676,1000023,33,40.70338,-74.01264,13,10,1
960,1677,1000023,33,40.70338,-74.01264,6,10,3
961,1678,1000023,33,40.70338,-74.01264,13,10,1
962,1679,1000023,33,40.70338,-74.01264,3,10,2
963,1680,1000023,33,40.70338,-74.01264,6,10,2
964,1681,1000023,33,40.70338,-74.01264,6,10,2
965,1682,1000023,33,40.70338,-74.01264,13,10,1
966,1683,1000023,33,40.70338,-74.01264,13,10,1
967,1684,1000023,33,40.70338,-74.01264,5,10,2
968,1685,1000023,33,40.70338,-74.01264,3,10,2
969,1686,1000023,33,40.70338,-74.01264,4,10,2
970,1688,1000023,33,40.70338,-74.01264,11,10,2
971,1689,1000023,33,40.70338,-74.01264,5,10,2
972,1690,1000023,33,40.70338,-74.01264,5,10,2
973,1691,1000023,33,40.70338,-74.01264,5,10,2
974,1692,1000023,33,40.70338,-74.01264,7,10,1
975,1693,1000023,33,40.70338,-74.01264,1,10,2
976,1694,1000023,33,40.70338,-74.01264,5,10,2
977,1695,1000023,33,40.70338,-74.01264,5,10,2
978,1699,1000024,27,40.703482,-74.01287,5,10,2
979,1700,1000024,27,40.703482,-74.01287,13,10,1
980,1701,1000024,27,40.703482,-74.01287,13,10,1
981,1702,1000024,27,40.703482,-74.01287,2,10,1
982,1703,1000024,27,40.703482,-74.01287,13,10,1
983,1704,1000024,27,40.703482,-74.01287,13,10,1
984,1705,1000024,27,40.703482,-74.01287,6,10,1
985,1706,1000024,27,40.703482,-74.01287,13,10,1
986,1707,1000024,27,40.703482,-74.01287,13,10,1
987,1708,1000024,27,40.703482,-74.01287,5,10,2
988,1709,1000025,90,40.703804,-74.011956,7,5,1
989,1710,1000025,90,40.703804,-74.011956,5,5,2
990,1711,1000025,90,40.703804,-74.011956,5,5,2
991,1726,1000025,90,40.703804,-74.011956,13,5,1
992,1738,1000025,90,40.703804,-74.011956,6,5,2
993,1744,1000025,90,40.703804,-74.011956,6,5,2
994,1748,1000025,90,40.703804,-74.011956,6,5,2
995,1752,1000025,90,40.703804,-74.011956,13,5,1
996,1753,1000025,90,40.703804,-74.011956,2,5,2
997,1754,1000025,90,40.703804,-74.011956,13,5,1
998,1755,1000025,90,40.703804,-74.011956,13,5,1
999,1756,1000025,90,40.703804,-74.011956,13,5,1
